title,category,severity,description,resolution
MFA Failure,Security,P1,MFA Failure reported by employee. Incident ID INC0001. Investigation required.,"Diagnosed the issue, applied standard troubleshooting for security, verified service restored and closed the ticket."
Disk Space Alert,Database,P2,Disk Space Alert reported by employee. Incident ID INC0002. Investigation required.,"Diagnosed the issue, applied standard troubleshooting for database, verified service restored and closed the ticket."
Outlook Not Syncing,Security,P2,Outlook Not Syncing reported by employee. Incident ID INC0003. Investigation required.,"Diagnosed the issue, applied standard troubleshooting for security, verified service restored and closed the ticket."
Server Down,Software,P3,Server Down reported by employee. Incident ID INC0004. Investigation required.,"Diagnosed the issue, applied standard troubleshooting for software, verified service restored and closed the ticket."
MFA Failure,Email,P3,MFA Failure reported by employee. Incident ID INC0005. Investigation required.,"Diagnosed the issue, applied standard troubleshooting for email, verified service restored and closed the ticket."
Firewall Block,Hardware,P3,Firewall Block reported by employee. Incident ID INC0006. Investigation required.,"Diagnosed the issue, applied standard troubleshooting for hardware, verified service restored and closed the ticket."
WiFi Connectivity Issue,Account,P3,WiFi Connectivity Issue reported by employee. Incident ID INC0007. Investigation required.,"Diagnosed the issue, applied standard troubleshooting for account, verified service restored and closed the ticket."
Server Down,Server,P3,Server Down reported by employee. Incident ID INC0008. Investigation required.,"Diagnosed the issue, applied standard troubleshooting for server, verified service restored and closed the ticket."
Software Installation Failed,Email,P2,Software Installation Failed reported by employee. Incident ID INC0009. Investigation required.,"Diagnosed the issue, applied standard troubleshooting for email, verified service restored and closed the ticket."
Software Installation Failed,Security,P1,Software Installation Failed reported by employee. Incident ID INC0010. Investigation required.,"Diagnosed the issue, applied standard troubleshooting for security, verified service restored and closed the ticket."
Password Reset,Network,P1,Password Reset reported by employee. Incident ID INC0011. Investigation required.,"Diagnosed the issue, applied standard troubleshooting for network, verified service restored and closed the ticket."
BitLocker Recovery,Email,P4,BitLocker Recovery reported by employee. Incident ID INC0012. Investigation required.,"Diagnosed the issue, applied standard troubleshooting for email, verified service restored and closed the ticket."
File Share Access Denied,Network,P3,File Share Access Denied reported by employee. Incident ID INC0013. Investigation required.,"Diagnosed the issue, applied standard troubleshooting for network, verified service restored and closed the ticket."
Software Installation Failed,Email,P1,Software Installation Failed reported by employee. Incident ID INC0014. Investigation required.,"Diagnosed the issue, applied standard troubleshooting for email, verified service restored and closed the ticket."
Blue Screen Error,Email,P3,Blue Screen Error reported by employee. Incident ID INC0015. Investigation required.,"Diagnosed the issue, applied standard troubleshooting for email, verified service restored and closed the ticket."
SSL Certificate Expired,Email,P1,SSL Certificate Expired reported by employee. Incident ID INC0016. Investigation required.,"Diagnosed the issue, applied standard troubleshooting for email, verified service restored and closed the ticket."
Printer Offline,Database,P3,Printer Offline reported by employee. Incident ID INC0017. Investigation required.,"Diagnosed the issue, applied standard troubleshooting for database, verified service restored and closed the ticket."
DNS Resolution Failure,Account,P3,DNS Resolution Failure reported by employee. Incident ID INC0018. Investigation required.,"Diagnosed the issue, applied standard troubleshooting for account, verified service restored and closed the ticket."
Email Delivery Failure,Server,P2,Email Delivery Failure reported by employee. Incident ID INC0019. Investigation required.,"Diagnosed the issue, applied standard troubleshooting for server, verified service restored and closed the ticket."
BitLocker Recovery,Server,P2,BitLocker Recovery reported by employee. Incident ID INC0020. Investigation required.,"Diagnosed the issue, applied standard troubleshooting for server, verified service restored and closed the ticket."
Outlook Not Syncing,Hardware,P3,Outlook Not Syncing reported by employee. Incident ID INC0021. Investigation required.,"Diagnosed the issue, applied standard troubleshooting for hardware, verified service restored and closed the ticket."
DNS Resolution Failure,Account,P4,DNS Resolution Failure reported by employee. Incident ID INC0022. Investigation required.,"Diagnosed the issue, applied standard troubleshooting for account, verified service restored and closed the ticket."
Disk Space Alert,Software,P2,Disk Space Alert reported by employee. Incident ID INC0023. Investigation required.,"Diagnosed the issue, applied standard troubleshooting for software, verified service restored and closed the ticket."
Outlook Not Syncing,Database,P4,Outlook Not Syncing reported by employee. Incident ID INC0024. Investigation required.,"Diagnosed the issue, applied standard troubleshooting for database, verified service restored and closed the ticket."
Server Down,Server,P3,Server Down reported by employee. Incident ID INC0025. Investigation required.,"Diagnosed the issue, applied standard troubleshooting for server, verified service restored and closed the ticket."
Database Connection Error,Account,P4,Database Connection Error reported by employee. Incident ID INC0026. Investigation required.,"Diagnosed the issue, applied standard troubleshooting for account, verified service restored and closed the ticket."
DNS Resolution Failure,Account,P2,DNS Resolution Failure reported by employee. Incident ID INC0027. Investigation required.,"Diagnosed the issue, applied standard troubleshooting for account, verified service restored and closed the ticket."
Disk Space Alert,Network,P2,Disk Space Alert reported by employee. Incident ID INC0028. Investigation required.,"Diagnosed the issue, applied standard troubleshooting for network, verified service restored and closed the ticket."
Disk Space Alert,Email,P4,Disk Space Alert reported by employee. Incident ID INC0029. Investigation required.,"Diagnosed the issue, applied standard troubleshooting for email, verified service restored and closed the ticket."
Database Connection Error,Network,P1,Database Connection Error reported by employee. Incident ID INC0030. Investigation required.,"Diagnosed the issue, applied standard troubleshooting for network, verified service restored and closed the ticket."
DNS Resolution Failure,Database,P2,DNS Resolution Failure reported by employee. Incident ID INC0031. Investigation required.,"Diagnosed the issue, applied standard troubleshooting for database, verified service restored and closed the ticket."
DNS Resolution Failure,Account,P4,DNS Resolution Failure reported by employee. Incident ID INC0032. Investigation required.,"Diagnosed the issue, applied standard troubleshooting for account, verified service restored and closed the ticket."
WiFi Connectivity Issue,Email,P1,WiFi Connectivity Issue reported by employee. Incident ID INC0033. Investigation required.,"Diagnosed the issue, applied standard troubleshooting for email, verified service restored and closed the ticket."
File Share Access Denied,Email,P4,File Share Access Denied reported by employee. Incident ID INC0034. Investigation required.,"Diagnosed the issue, applied standard troubleshooting for email, verified service restored and closed the ticket."
Laptop Slow Performance,Software,P4,Laptop Slow Performance reported by employee. Incident ID INC0035. Investigation required.,"Diagnosed the issue, applied standard troubleshooting for software, verified service restored and closed the ticket."
Server Down,Account,P2,Server Down reported by employee. Incident ID INC0036. Investigation required.,"Diagnosed the issue, applied standard troubleshooting for account, verified service restored and closed the ticket."
BitLocker Recovery,Hardware,P2,BitLocker Recovery reported by employee. Incident ID INC0037. Investigation required.,"Diagnosed the issue, applied standard troubleshooting for hardware, verified service restored and closed the ticket."
MFA Failure,Server,P4,MFA Failure reported by employee. Incident ID INC0038. Investigation required.,"Diagnosed the issue, applied standard troubleshooting for server, verified service restored and closed the ticket."
File Share Access Denied,Network,P3,File Share Access Denied reported by employee. Incident ID INC0039. Investigation required.,"Diagnosed the issue, applied standard troubleshooting for network, verified service restored and closed the ticket."
Printer Offline,Software,P4,Printer Offline reported by employee. Incident ID INC0040. Investigation required.,"Diagnosed the issue, applied standard troubleshooting for software, verified service restored and closed the ticket."
Printer Offline,Software,P3,Printer Offline reported by employee. Incident ID INC0041. Investigation required.,"Diagnosed the issue, applied standard troubleshooting for software, verified service restored and closed the ticket."
WiFi Connectivity Issue,Hardware,P1,WiFi Connectivity Issue reported by employee. Incident ID INC0042. Investigation required.,"Diagnosed the issue, applied standard troubleshooting for hardware, verified service restored and closed the ticket."
Blue Screen Error,Security,P3,Blue Screen Error reported by employee. Incident ID INC0043. Investigation required.,"Diagnosed the issue, applied standard troubleshooting for security, verified service restored and closed the ticket."
Disk Space Alert,Account,P1,Disk Space Alert reported by employee. Incident ID INC0044. Investigation required.,"Diagnosed the issue, applied standard troubleshooting for account, verified service restored and closed the ticket."
Printer Offline,Database,P3,Printer Offline reported by employee. Incident ID INC0045. Investigation required.,"Diagnosed the issue, applied standard troubleshooting for database, verified service restored and closed the ticket."
File Share Access Denied,Database,P3,File Share Access Denied reported by employee. Incident ID INC0046. Investigation required.,"Diagnosed the issue, applied standard troubleshooting for database, verified service restored and closed the ticket."
Email Delivery Failure,Account,P1,Email Delivery Failure reported by employee. Incident ID INC0047. Investigation required.,"Diagnosed the issue, applied standard troubleshooting for account, verified service restored and closed the ticket."
Disk Space Alert,Hardware,P2,Disk Space Alert reported by employee. Incident ID INC0048. Investigation required.,"Diagnosed the issue, applied standard troubleshooting for hardware, verified service restored and closed the ticket."
WiFi Connectivity Issue,Security,P2,WiFi Connectivity Issue reported by employee. Incident ID INC0049. Investigation required.,"Diagnosed the issue, applied standard troubleshooting for security, verified service restored and closed the ticket."
Firewall Block,Hardware,P2,Firewall Block reported by employee. Incident ID INC0050. Investigation required.,"Diagnosed the issue, applied standard troubleshooting for hardware, verified service restored and closed the ticket."
Email Delivery Failure,Database,P2,Email Delivery Failure reported by employee. Incident ID INC0051. Investigation required.,"Diagnosed the issue, applied standard troubleshooting for database, verified service restored and closed the ticket."
SSL Certificate Expired,Database,P2,SSL Certificate Expired reported by employee. Incident ID INC0052. Investigation required.,"Diagnosed the issue, applied standard troubleshooting for database, verified service restored and closed the ticket."
WiFi Connectivity Issue,Account,P3,WiFi Connectivity Issue reported by employee. Incident ID INC0053. Investigation required.,"Diagnosed the issue, applied standard troubleshooting for account, verified service restored and closed the ticket."
Email Delivery Failure,Security,P3,Email Delivery Failure reported by employee. Incident ID INC0054. Investigation required.,"Diagnosed the issue, applied standard troubleshooting for security, verified service restored and closed the ticket."
Printer Offline,Server,P3,Printer Offline reported by employee. Incident ID INC0055. Investigation required.,"Diagnosed the issue, applied standard troubleshooting for server, verified service restored and closed the ticket."
Outlook Not Syncing,Server,P1,Outlook Not Syncing reported by employee. Incident ID INC0056. Investigation required.,"Diagnosed the issue, applied standard troubleshooting for server, verified service restored and closed the ticket."
File Share Access Denied,Hardware,P3,File Share Access Denied reported by employee. Incident ID INC0057. Investigation required.,"Diagnosed the issue, applied standard troubleshooting for hardware, verified service restored and closed the ticket."
Blue Screen Error,Database,P2,Blue Screen Error reported by employee. Incident ID INC0058. Investigation required.,"Diagnosed the issue, applied standard troubleshooting for database, verified service restored and closed the ticket."
Blue Screen Error,Email,P1,Blue Screen Error reported by employee. Incident ID INC0059. Investigation required.,"Diagnosed the issue, applied standard troubleshooting for email, verified service restored and closed the ticket."
Email Delivery Failure,Software,P1,Email Delivery Failure reported by employee. Incident ID INC0060. Investigation required.,"Diagnosed the issue, applied standard troubleshooting for software, verified service restored and closed the ticket."
SSL Certificate Expired,Security,P4,SSL Certificate Expired reported by employee. Incident ID INC0061. Investigation required.,"Diagnosed the issue, applied standard troubleshooting for security, verified service restored and closed the ticket."
WiFi Connectivity Issue,Account,P3,WiFi Connectivity Issue reported by employee. Incident ID INC0062. Investigation required.,"Diagnosed the issue, applied standard troubleshooting for account, verified service restored and closed the ticket."
BitLocker Recovery,Hardware,P4,BitLocker Recovery reported by employee. Incident ID INC0063. Investigation required.,"Diagnosed the issue, applied standard troubleshooting for hardware, verified service restored and closed the ticket."
Account Locked,Server,P4,Account Locked reported by employee. Incident ID INC0064. Investigation required.,"Diagnosed the issue, applied standard troubleshooting for server, verified service restored and closed the ticket."
Printer Offline,Database,P4,Printer Offline reported by employee. Incident ID INC0065. Investigation required.,"Diagnosed the issue, applied standard troubleshooting for database, verified service restored and closed the ticket."
Account Locked,Email,P4,Account Locked reported by employee. Incident ID INC0066. Investigation required.,"Diagnosed the issue, applied standard troubleshooting for email, verified service restored and closed the ticket."
Server Down,Hardware,P1,Server Down reported by employee. Incident ID INC0067. Investigation required.,"Diagnosed the issue, applied standard troubleshooting for hardware, verified service restored and closed the ticket."
Database Connection Error,Hardware,P4,Database Connection Error reported by employee. Incident ID INC0068. Investigation required.,"Diagnosed the issue, applied standard troubleshooting for hardware, verified service restored and closed the ticket."
File Share Access Denied,Server,P3,File Share Access Denied reported by employee. Incident ID INC0069. Investigation required.,"Diagnosed the issue, applied standard troubleshooting for server, verified service restored and closed the ticket."
Server Down,Email,P2,Server Down reported by employee. Incident ID INC0070. Investigation required.,"Diagnosed the issue, applied standard troubleshooting for email, verified service restored and closed the ticket."
Firewall Block,Network,P4,Firewall Block reported by employee. Incident ID INC0071. Investigation required.,"Diagnosed the issue, applied standard troubleshooting for network, verified service restored and closed the ticket."
Account Locked,Hardware,P1,Account Locked reported by employee. Incident ID INC0072. Investigation required.,"Diagnosed the issue, applied standard troubleshooting for hardware, verified service restored and closed the ticket."
Email Delivery Failure,Account,P1,Email Delivery Failure reported by employee. Incident ID INC0073. Investigation required.,"Diagnosed the issue, applied standard troubleshooting for account, verified service restored and closed the ticket."
Laptop Slow Performance,Security,P3,Laptop Slow Performance reported by employee. Incident ID INC0074. Investigation required.,"Diagnosed the issue, applied standard troubleshooting for security, verified service restored and closed the ticket."
Outlook Not Syncing,Database,P3,Outlook Not Syncing reported by employee. Incident ID INC0075. Investigation required.,"Diagnosed the issue, applied standard troubleshooting for database, verified service restored and closed the ticket."
MFA Failure,Server,P2,MFA Failure reported by employee. Incident ID INC0076. Investigation required.,"Diagnosed the issue, applied standard troubleshooting for server, verified service restored and closed the ticket."
Printer Offline,Hardware,P3,Printer Offline reported by employee. Incident ID INC0077. Investigation required.,"Diagnosed the issue, applied standard troubleshooting for hardware, verified service restored and closed the ticket."
SSL Certificate Expired,Software,P3,SSL Certificate Expired reported by employee. Incident ID INC0078. Investigation required.,"Diagnosed the issue, applied standard troubleshooting for software, verified service restored and closed the ticket."
WiFi Connectivity Issue,Server,P2,WiFi Connectivity Issue reported by employee. Incident ID INC0079. Investigation required.,"Diagnosed the issue, applied standard troubleshooting for server, verified service restored and closed the ticket."
Blue Screen Error,Software,P3,Blue Screen Error reported by employee. Incident ID INC0080. Investigation required.,"Diagnosed the issue, applied standard troubleshooting for software, verified service restored and closed the ticket."
Network Latency,Database,P2,Network Latency reported by employee. Incident ID INC0081. Investigation required.,"Diagnosed the issue, applied standard troubleshooting for database, verified service restored and closed the ticket."
Server Down,Account,P4,Server Down reported by employee. Incident ID INC0082. Investigation required.,"Diagnosed the issue, applied standard troubleshooting for account, verified service restored and closed the ticket."
Database Connection Error,Network,P1,Database Connection Error reported by employee. Incident ID INC0083. Investigation required.,"Diagnosed the issue, applied standard troubleshooting for network, verified service restored and closed the ticket."
Server Down,Hardware,P2,Server Down reported by employee. Incident ID INC0084. Investigation required.,"Diagnosed the issue, applied standard troubleshooting for hardware, verified service restored and closed the ticket."
Printer Offline,Server,P2,Printer Offline reported by employee. Incident ID INC0085. Investigation required.,"Diagnosed the issue, applied standard troubleshooting for server, verified service restored and closed the ticket."
DNS Resolution Failure,Hardware,P1,DNS Resolution Failure reported by employee. Incident ID INC0086. Investigation required.,"Diagnosed the issue, applied standard troubleshooting for hardware, verified service restored and closed the ticket."
Account Locked,Database,P4,Account Locked reported by employee. Incident ID INC0087. Investigation required.,"Diagnosed the issue, applied standard troubleshooting for database, verified service restored and closed the ticket."
Printer Offline,Network,P4,Printer Offline reported by employee. Incident ID INC0088. Investigation required.,"Diagnosed the issue, applied standard troubleshooting for network, verified service restored and closed the ticket."
Software Installation Failed,Hardware,P3,Software Installation Failed reported by employee. Incident ID INC0089. Investigation required.,"Diagnosed the issue, applied standard troubleshooting for hardware, verified service restored and closed the ticket."
VPN Connection Failure,Database,P4,VPN Connection Failure reported by employee. Incident ID INC0090. Investigation required.,"Diagnosed the issue, applied standard troubleshooting for database, verified service restored and closed the ticket."
Account Locked,Network,P1,Account Locked reported by employee. Incident ID INC0091. Investigation required.,"Diagnosed the issue, applied standard troubleshooting for network, verified service restored and closed the ticket."
Outlook Not Syncing,Software,P3,Outlook Not Syncing reported by employee. Incident ID INC0092. Investigation required.,"Diagnosed the issue, applied standard troubleshooting for software, verified service restored and closed the ticket."
Disk Space Alert,Network,P3,Disk Space Alert reported by employee. Incident ID INC0093. Investigation required.,"Diagnosed the issue, applied standard troubleshooting for network, verified service restored and closed the ticket."
DNS Resolution Failure,Network,P3,DNS Resolution Failure reported by employee. Incident ID INC0094. Investigation required.,"Diagnosed the issue, applied standard troubleshooting for network, verified service restored and closed the ticket."
WiFi Connectivity Issue,Network,P4,WiFi Connectivity Issue reported by employee. Incident ID INC0095. Investigation required.,"Diagnosed the issue, applied standard troubleshooting for network, verified service restored and closed the ticket."
Network Latency,Network,P2,Network Latency reported by employee. Incident ID INC0096. Investigation required.,"Diagnosed the issue, applied standard troubleshooting for network, verified service restored and closed the ticket."
WiFi Connectivity Issue,Database,P4,WiFi Connectivity Issue reported by employee. Incident ID INC0097. Investigation required.,"Diagnosed the issue, applied standard troubleshooting for database, verified service restored and closed the ticket."
Password Reset,Hardware,P4,Password Reset reported by employee. Incident ID INC0098. Investigation required.,"Diagnosed the issue, applied standard troubleshooting for hardware, verified service restored and closed the ticket."
Firewall Block,Software,P4,Firewall Block reported by employee. Incident ID INC0099. Investigation required.,"Diagnosed the issue, applied standard troubleshooting for software, verified service restored and closed the ticket."
Firewall Block,Account,P2,Firewall Block reported by employee. Incident ID INC0100. Investigation required.,"Diagnosed the issue, applied standard troubleshooting for account, verified service restored and closed the ticket."
Blue Screen Error,Server,P3,Blue Screen Error reported by employee. Incident ID INC0101. Investigation required.,"Diagnosed the issue, applied standard troubleshooting for server, verified service restored and closed the ticket."
Laptop Slow Performance,Network,P3,Laptop Slow Performance reported by employee. Incident ID INC0102. Investigation required.,"Diagnosed the issue, applied standard troubleshooting for network, verified service restored and closed the ticket."
Outlook Not Syncing,Hardware,P1,Outlook Not Syncing reported by employee. Incident ID INC0103. Investigation required.,"Diagnosed the issue, applied standard troubleshooting for hardware, verified service restored and closed the ticket."
Email Delivery Failure,Hardware,P2,Email Delivery Failure reported by employee. Incident ID INC0104. Investigation required.,"Diagnosed the issue, applied standard troubleshooting for hardware, verified service restored and closed the ticket."
VPN Connection Failure,Software,P4,VPN Connection Failure reported by employee. Incident ID INC0105. Investigation required.,"Diagnosed the issue, applied standard troubleshooting for software, verified service restored and closed the ticket."
VPN Connection Failure,Hardware,P1,VPN Connection Failure reported by employee. Incident ID INC0106. Investigation required.,"Diagnosed the issue, applied standard troubleshooting for hardware, verified service restored and closed the ticket."
Blue Screen Error,Hardware,P2,Blue Screen Error reported by employee. Incident ID INC0107. Investigation required.,"Diagnosed the issue, applied standard troubleshooting for hardware, verified service restored and closed the ticket."
SSL Certificate Expired,Security,P3,SSL Certificate Expired reported by employee. Incident ID INC0108. Investigation required.,"Diagnosed the issue, applied standard troubleshooting for security, verified service restored and closed the ticket."
Blue Screen Error,Security,P2,Blue Screen Error reported by employee. Incident ID INC0109. Investigation required.,"Diagnosed the issue, applied standard troubleshooting for security, verified service restored and closed the ticket."
BitLocker Recovery,Hardware,P4,BitLocker Recovery reported by employee. Incident ID INC0110. Investigation required.,"Diagnosed the issue, applied standard troubleshooting for hardware, verified service restored and closed the ticket."
Firewall Block,Email,P2,Firewall Block reported by employee. Incident ID INC0111. Investigation required.,"Diagnosed the issue, applied standard troubleshooting for email, verified service restored and closed the ticket."
Laptop Slow Performance,Security,P2,Laptop Slow Performance reported by employee. Incident ID INC0112. Investigation required.,"Diagnosed the issue, applied standard troubleshooting for security, verified service restored and closed the ticket."
Printer Offline,Software,P1,Printer Offline reported by employee. Incident ID INC0113. Investigation required.,"Diagnosed the issue, applied standard troubleshooting for software, verified service restored and closed the ticket."
DNS Resolution Failure,Hardware,P4,DNS Resolution Failure reported by employee. Incident ID INC0114. Investigation required.,"Diagnosed the issue, applied standard troubleshooting for hardware, verified service restored and closed the ticket."
Database Connection Error,Email,P1,Database Connection Error reported by employee. Incident ID INC0115. Investigation required.,"Diagnosed the issue, applied standard troubleshooting for email, verified service restored and closed the ticket."
DNS Resolution Failure,Account,P4,DNS Resolution Failure reported by employee. Incident ID INC0116. Investigation required.,"Diagnosed the issue, applied standard troubleshooting for account, verified service restored and closed the ticket."
Firewall Block,Network,P4,Firewall Block reported by employee. Incident ID INC0117. Investigation required.,"Diagnosed the issue, applied standard troubleshooting for network, verified service restored and closed the ticket."
Firewall Block,Email,P3,Firewall Block reported by employee. Incident ID INC0118. Investigation required.,"Diagnosed the issue, applied standard troubleshooting for email, verified service restored and closed the ticket."
Network Latency,Security,P3,Network Latency reported by employee. Incident ID INC0119. Investigation required.,"Diagnosed the issue, applied standard troubleshooting for security, verified service restored and closed the ticket."
SSL Certificate Expired,Email,P2,SSL Certificate Expired reported by employee. Incident ID INC0120. Investigation required.,"Diagnosed the issue, applied standard troubleshooting for email, verified service restored and closed the ticket."
DNS Resolution Failure,Security,P1,DNS Resolution Failure reported by employee. Incident ID INC0121. Investigation required.,"Diagnosed the issue, applied standard troubleshooting for security, verified service restored and closed the ticket."
Email Delivery Failure,Software,P3,Email Delivery Failure reported by employee. Incident ID INC0122. Investigation required.,"Diagnosed the issue, applied standard troubleshooting for software, verified service restored and closed the ticket."
Network Latency,Account,P1,Network Latency reported by employee. Incident ID INC0123. Investigation required.,"Diagnosed the issue, applied standard troubleshooting for account, verified service restored and closed the ticket."
Network Latency,Software,P4,Network Latency reported by employee. Incident ID INC0124. Investigation required.,"Diagnosed the issue, applied standard troubleshooting for software, verified service restored and closed the ticket."
Outlook Not Syncing,Email,P3,Outlook Not Syncing reported by employee. Incident ID INC0125. Investigation required.,"Diagnosed the issue, applied standard troubleshooting for email, verified service restored and closed the ticket."
Database Connection Error,Software,P3,Database Connection Error reported by employee. Incident ID INC0126. Investigation required.,"Diagnosed the issue, applied standard troubleshooting for software, verified service restored and closed the ticket."
Printer Offline,Account,P2,Printer Offline reported by employee. Incident ID INC0127. Investigation required.,"Diagnosed the issue, applied standard troubleshooting for account, verified service restored and closed the ticket."
Firewall Block,Software,P3,Firewall Block reported by employee. Incident ID INC0128. Investigation required.,"Diagnosed the issue, applied standard troubleshooting for software, verified service restored and closed the ticket."
Server Down,Email,P4,Server Down reported by employee. Incident ID INC0129. Investigation required.,"Diagnosed the issue, applied standard troubleshooting for email, verified service restored and closed the ticket."
Email Delivery Failure,Hardware,P3,Email Delivery Failure reported by employee. Incident ID INC0130. Investigation required.,"Diagnosed the issue, applied standard troubleshooting for hardware, verified service restored and closed the ticket."
Blue Screen Error,Account,P3,Blue Screen Error reported by employee. Incident ID INC0131. Investigation required.,"Diagnosed the issue, applied standard troubleshooting for account, verified service restored and closed the ticket."
Blue Screen Error,Server,P1,Blue Screen Error reported by employee. Incident ID INC0132. Investigation required.,"Diagnosed the issue, applied standard troubleshooting for server, verified service restored and closed the ticket."
WiFi Connectivity Issue,Security,P4,WiFi Connectivity Issue reported by employee. Incident ID INC0133. Investigation required.,"Diagnosed the issue, applied standard troubleshooting for security, verified service restored and closed the ticket."
File Share Access Denied,Network,P3,File Share Access Denied reported by employee. Incident ID INC0134. Investigation required.,"Diagnosed the issue, applied standard troubleshooting for network, verified service restored and closed the ticket."
File Share Access Denied,Account,P4,File Share Access Denied reported by employee. Incident ID INC0135. Investigation required.,"Diagnosed the issue, applied standard troubleshooting for account, verified service restored and closed the ticket."
Blue Screen Error,Server,P4,Blue Screen Error reported by employee. Incident ID INC0136. Investigation required.,"Diagnosed the issue, applied standard troubleshooting for server, verified service restored and closed the ticket."
Network Latency,Security,P3,Network Latency reported by employee. Incident ID INC0137. Investigation required.,"Diagnosed the issue, applied standard troubleshooting for security, verified service restored and closed the ticket."
VPN Connection Failure,Hardware,P2,VPN Connection Failure reported by employee. Incident ID INC0138. Investigation required.,"Diagnosed the issue, applied standard troubleshooting for hardware, verified service restored and closed the ticket."
Account Locked,Hardware,P3,Account Locked reported by employee. Incident ID INC0139. Investigation required.,"Diagnosed the issue, applied standard troubleshooting for hardware, verified service restored and closed the ticket."
MFA Failure,Security,P4,MFA Failure reported by employee. Incident ID INC0140. Investigation required.,"Diagnosed the issue, applied standard troubleshooting for security, verified service restored and closed the ticket."
Firewall Block,Software,P4,Firewall Block reported by employee. Incident ID INC0141. Investigation required.,"Diagnosed the issue, applied standard troubleshooting for software, verified service restored and closed the ticket."
BitLocker Recovery,Email,P2,BitLocker Recovery reported by employee. Incident ID INC0142. Investigation required.,"Diagnosed the issue, applied standard troubleshooting for email, verified service restored and closed the ticket."
Account Locked,Security,P2,Account Locked reported by employee. Incident ID INC0143. Investigation required.,"Diagnosed the issue, applied standard troubleshooting for security, verified service restored and closed the ticket."
Laptop Slow Performance,Software,P3,Laptop Slow Performance reported by employee. Incident ID INC0144. Investigation required.,"Diagnosed the issue, applied standard troubleshooting for software, verified service restored and closed the ticket."
Laptop Slow Performance,Network,P4,Laptop Slow Performance reported by employee. Incident ID INC0145. Investigation required.,"Diagnosed the issue, applied standard troubleshooting for network, verified service restored and closed the ticket."
Account Locked,Software,P1,Account Locked reported by employee. Incident ID INC0146. Investigation required.,"Diagnosed the issue, applied standard troubleshooting for software, verified service restored and closed the ticket."
Password Reset,Hardware,P3,Password Reset reported by employee. Incident ID INC0147. Investigation required.,"Diagnosed the issue, applied standard troubleshooting for hardware, verified service restored and closed the ticket."
Blue Screen Error,Database,P4,Blue Screen Error reported by employee. Incident ID INC0148. Investigation required.,"Diagnosed the issue, applied standard troubleshooting for database, verified service restored and closed the ticket."
Outlook Not Syncing,Software,P2,Outlook Not Syncing reported by employee. Incident ID INC0149. Investigation required.,"Diagnosed the issue, applied standard troubleshooting for software, verified service restored and closed the ticket."
Software Installation Failed,Database,P4,Software Installation Failed reported by employee. Incident ID INC0150. Investigation required.,"Diagnosed the issue, applied standard troubleshooting for database, verified service restored and closed the ticket."
Email Delivery Failure,Software,P1,Email Delivery Failure reported by employee. Incident ID INC0151. Investigation required.,"Diagnosed the issue, applied standard troubleshooting for software, verified service restored and closed the ticket."
MFA Failure,Account,P4,MFA Failure reported by employee. Incident ID INC0152. Investigation required.,"Diagnosed the issue, applied standard troubleshooting for account, verified service restored and closed the ticket."
Firewall Block,Email,P4,Firewall Block reported by employee. Incident ID INC0153. Investigation required.,"Diagnosed the issue, applied standard troubleshooting for email, verified service restored and closed the ticket."
Printer Offline,Hardware,P3,Printer Offline reported by employee. Incident ID INC0154. Investigation required.,"Diagnosed the issue, applied standard troubleshooting for hardware, verified service restored and closed the ticket."
Password Reset,Database,P2,Password Reset reported by employee. Incident ID INC0155. Investigation required.,"Diagnosed the issue, applied standard troubleshooting for database, verified service restored and closed the ticket."
Email Delivery Failure,Account,P4,Email Delivery Failure reported by employee. Incident ID INC0156. Investigation required.,"Diagnosed the issue, applied standard troubleshooting for account, verified service restored and closed the ticket."
Blue Screen Error,Database,P4,Blue Screen Error reported by employee. Incident ID INC0157. Investigation required.,"Diagnosed the issue, applied standard troubleshooting for database, verified service restored and closed the ticket."
Disk Space Alert,Server,P4,Disk Space Alert reported by employee. Incident ID INC0158. Investigation required.,"Diagnosed the issue, applied standard troubleshooting for server, verified service restored and closed the ticket."
Email Delivery Failure,Software,P1,Email Delivery Failure reported by employee. Incident ID INC0159. Investigation required.,"Diagnosed the issue, applied standard troubleshooting for software, verified service restored and closed the ticket."
Outlook Not Syncing,Network,P3,Outlook Not Syncing reported by employee. Incident ID INC0160. Investigation required.,"Diagnosed the issue, applied standard troubleshooting for network, verified service restored and closed the ticket."
MFA Failure,Account,P4,MFA Failure reported by employee. Incident ID INC0161. Investigation required.,"Diagnosed the issue, applied standard troubleshooting for account, verified service restored and closed the ticket."
Software Installation Failed,Software,P4,Software Installation Failed reported by employee. Incident ID INC0162. Investigation required.,"Diagnosed the issue, applied standard troubleshooting for software, verified service restored and closed the ticket."
Laptop Slow Performance,Network,P4,Laptop Slow Performance reported by employee. Incident ID INC0163. Investigation required.,"Diagnosed the issue, applied standard troubleshooting for network, verified service restored and closed the ticket."
Database Connection Error,Security,P4,Database Connection Error reported by employee. Incident ID INC0164. Investigation required.,"Diagnosed the issue, applied standard troubleshooting for security, verified service restored and closed the ticket."
Email Delivery Failure,Email,P2,Email Delivery Failure reported by employee. Incident ID INC0165. Investigation required.,"Diagnosed the issue, applied standard troubleshooting for email, verified service restored and closed the ticket."
WiFi Connectivity Issue,Account,P1,WiFi Connectivity Issue reported by employee. Incident ID INC0166. Investigation required.,"Diagnosed the issue, applied standard troubleshooting for account, verified service restored and closed the ticket."
Blue Screen Error,Server,P4,Blue Screen Error reported by employee. Incident ID INC0167. Investigation required.,"Diagnosed the issue, applied standard troubleshooting for server, verified service restored and closed the ticket."
Disk Space Alert,Security,P1,Disk Space Alert reported by employee. Incident ID INC0168. Investigation required.,"Diagnosed the issue, applied standard troubleshooting for security, verified service restored and closed the ticket."
Outlook Not Syncing,Email,P1,Outlook Not Syncing reported by employee. Incident ID INC0169. Investigation required.,"Diagnosed the issue, applied standard troubleshooting for email, verified service restored and closed the ticket."
VPN Connection Failure,Email,P4,VPN Connection Failure reported by employee. Incident ID INC0170. Investigation required.,"Diagnosed the issue, applied standard troubleshooting for email, verified service restored and closed the ticket."
Blue Screen Error,Software,P1,Blue Screen Error reported by employee. Incident ID INC0171. Investigation required.,"Diagnosed the issue, applied standard troubleshooting for software, verified service restored and closed the ticket."
Laptop Slow Performance,Hardware,P2,Laptop Slow Performance reported by employee. Incident ID INC0172. Investigation required.,"Diagnosed the issue, applied standard troubleshooting for hardware, verified service restored and closed the ticket."
Account Locked,Network,P3,Account Locked reported by employee. Incident ID INC0173. Investigation required.,"Diagnosed the issue, applied standard troubleshooting for network, verified service restored and closed the ticket."
WiFi Connectivity Issue,Network,P1,WiFi Connectivity Issue reported by employee. Incident ID INC0174. Investigation required.,"Diagnosed the issue, applied standard troubleshooting for network, verified service restored and closed the ticket."
Disk Space Alert,Account,P2,Disk Space Alert reported by employee. Incident ID INC0175. Investigation required.,"Diagnosed the issue, applied standard troubleshooting for account, verified service restored and closed the ticket."
Software Installation Failed,Database,P1,Software Installation Failed reported by employee. Incident ID INC0176. Investigation required.,"Diagnosed the issue, applied standard troubleshooting for database, verified service restored and closed the ticket."
Server Down,Database,P1,Server Down reported by employee. Incident ID INC0177. Investigation required.,"Diagnosed the issue, applied standard troubleshooting for database, verified service restored and closed the ticket."
VPN Connection Failure,Software,P4,VPN Connection Failure reported by employee. Incident ID INC0178. Investigation required.,"Diagnosed the issue, applied standard troubleshooting for software, verified service restored and closed the ticket."
Blue Screen Error,Hardware,P4,Blue Screen Error reported by employee. Incident ID INC0179. Investigation required.,"Diagnosed the issue, applied standard troubleshooting for hardware, verified service restored and closed the ticket."
BitLocker Recovery,Account,P2,BitLocker Recovery reported by employee. Incident ID INC0180. Investigation required.,"Diagnosed the issue, applied standard troubleshooting for account, verified service restored and closed the ticket."
Server Down,Server,P3,Server Down reported by employee. Incident ID INC0181. Investigation required.,"Diagnosed the issue, applied standard troubleshooting for server, verified service restored and closed the ticket."
MFA Failure,Hardware,P3,MFA Failure reported by employee. Incident ID INC0182. Investigation required.,"Diagnosed the issue, applied standard troubleshooting for hardware, verified service restored and closed the ticket."
Outlook Not Syncing,Hardware,P1,Outlook Not Syncing reported by employee. Incident ID INC0183. Investigation required.,"Diagnosed the issue, applied standard troubleshooting for hardware, verified service restored and closed the ticket."
Network Latency,Account,P3,Network Latency reported by employee. Incident ID INC0184. Investigation required.,"Diagnosed the issue, applied standard troubleshooting for account, verified service restored and closed the ticket."
DNS Resolution Failure,Database,P4,DNS Resolution Failure reported by employee. Incident ID INC0185. Investigation required.,"Diagnosed the issue, applied standard troubleshooting for database, verified service restored and closed the ticket."
BitLocker Recovery,Database,P2,BitLocker Recovery reported by employee. Incident ID INC0186. Investigation required.,"Diagnosed the issue, applied standard troubleshooting for database, verified service restored and closed the ticket."
MFA Failure,Server,P3,MFA Failure reported by employee. Incident ID INC0187. Investigation required.,"Diagnosed the issue, applied standard troubleshooting for server, verified service restored and closed the ticket."
File Share Access Denied,Hardware,P1,File Share Access Denied reported by employee. Incident ID INC0188. Investigation required.,"Diagnosed the issue, applied standard troubleshooting for hardware, verified service restored and closed the ticket."
Account Locked,Database,P4,Account Locked reported by employee. Incident ID INC0189. Investigation required.,"Diagnosed the issue, applied standard troubleshooting for database, verified service restored and closed the ticket."
Database Connection Error,Network,P3,Database Connection Error reported by employee. Incident ID INC0190. Investigation required.,"Diagnosed the issue, applied standard troubleshooting for network, verified service restored and closed the ticket."
Disk Space Alert,Hardware,P2,Disk Space Alert reported by employee. Incident ID INC0191. Investigation required.,"Diagnosed the issue, applied standard troubleshooting for hardware, verified service restored and closed the ticket."
MFA Failure,Server,P3,MFA Failure reported by employee. Incident ID INC0192. Investigation required.,"Diagnosed the issue, applied standard troubleshooting for server, verified service restored and closed the ticket."
Database Connection Error,Network,P2,Database Connection Error reported by employee. Incident ID INC0193. Investigation required.,"Diagnosed the issue, applied standard troubleshooting for network, verified service restored and closed the ticket."
Account Locked,Network,P4,Account Locked reported by employee. Incident ID INC0194. Investigation required.,"Diagnosed the issue, applied standard troubleshooting for network, verified service restored and closed the ticket."
Database Connection Error,Hardware,P4,Database Connection Error reported by employee. Incident ID INC0195. Investigation required.,"Diagnosed the issue, applied standard troubleshooting for hardware, verified service restored and closed the ticket."
Blue Screen Error,Security,P2,Blue Screen Error reported by employee. Incident ID INC0196. Investigation required.,"Diagnosed the issue, applied standard troubleshooting for security, verified service restored and closed the ticket."
BitLocker Recovery,Account,P4,BitLocker Recovery reported by employee. Incident ID INC0197. Investigation required.,"Diagnosed the issue, applied standard troubleshooting for account, verified service restored and closed the ticket."
Software Installation Failed,Software,P4,Software Installation Failed reported by employee. Incident ID INC0198. Investigation required.,"Diagnosed the issue, applied standard troubleshooting for software, verified service restored and closed the ticket."
DNS Resolution Failure,Account,P2,DNS Resolution Failure reported by employee. Incident ID INC0199. Investigation required.,"Diagnosed the issue, applied standard troubleshooting for account, verified service restored and closed the ticket."
Server Down,Email,P2,Server Down reported by employee. Incident ID INC0200. Investigation required.,"Diagnosed the issue, applied standard troubleshooting for email, verified service restored and closed the ticket."
Blue Screen Error,Email,P3,Blue Screen Error reported by employee. Incident ID INC0201. Investigation required.,"Diagnosed the issue, applied standard troubleshooting for email, verified service restored and closed the ticket."
Email Delivery Failure,Hardware,P2,Email Delivery Failure reported by employee. Incident ID INC0202. Investigation required.,"Diagnosed the issue, applied standard troubleshooting for hardware, verified service restored and closed the ticket."
SSL Certificate Expired,Network,P1,SSL Certificate Expired reported by employee. Incident ID INC0203. Investigation required.,"Diagnosed the issue, applied standard troubleshooting for network, verified service restored and closed the ticket."
BitLocker Recovery,Hardware,P4,BitLocker Recovery reported by employee. Incident ID INC0204. Investigation required.,"Diagnosed the issue, applied standard troubleshooting for hardware, verified service restored and closed the ticket."
Blue Screen Error,Server,P1,Blue Screen Error reported by employee. Incident ID INC0205. Investigation required.,"Diagnosed the issue, applied standard troubleshooting for server, verified service restored and closed the ticket."
Outlook Not Syncing,Security,P1,Outlook Not Syncing reported by employee. Incident ID INC0206. Investigation required.,"Diagnosed the issue, applied standard troubleshooting for security, verified service restored and closed the ticket."
Blue Screen Error,Hardware,P3,Blue Screen Error reported by employee. Incident ID INC0207. Investigation required.,"Diagnosed the issue, applied standard troubleshooting for hardware, verified service restored and closed the ticket."
Database Connection Error,Software,P3,Database Connection Error reported by employee. Incident ID INC0208. Investigation required.,"Diagnosed the issue, applied standard troubleshooting for software, verified service restored and closed the ticket."
BitLocker Recovery,Hardware,P2,BitLocker Recovery reported by employee. Incident ID INC0209. Investigation required.,"Diagnosed the issue, applied standard troubleshooting for hardware, verified service restored and closed the ticket."
WiFi Connectivity Issue,Software,P4,WiFi Connectivity Issue reported by employee. Incident ID INC0210. Investigation required.,"Diagnosed the issue, applied standard troubleshooting for software, verified service restored and closed the ticket."
VPN Connection Failure,Database,P2,VPN Connection Failure reported by employee. Incident ID INC0211. Investigation required.,"Diagnosed the issue, applied standard troubleshooting for database, verified service restored and closed the ticket."
Password Reset,Server,P1,Password Reset reported by employee. Incident ID INC0212. Investigation required.,"Diagnosed the issue, applied standard troubleshooting for server, verified service restored and closed the ticket."
SSL Certificate Expired,Security,P4,SSL Certificate Expired reported by employee. Incident ID INC0213. Investigation required.,"Diagnosed the issue, applied standard troubleshooting for security, verified service restored and closed the ticket."
Server Down,Security,P3,Server Down reported by employee. Incident ID INC0214. Investigation required.,"Diagnosed the issue, applied standard troubleshooting for security, verified service restored and closed the ticket."
DNS Resolution Failure,Database,P1,DNS Resolution Failure reported by employee. Incident ID INC0215. Investigation required.,"Diagnosed the issue, applied standard troubleshooting for database, verified service restored and closed the ticket."
File Share Access Denied,Network,P2,File Share Access Denied reported by employee. Incident ID INC0216. Investigation required.,"Diagnosed the issue, applied standard troubleshooting for network, verified service restored and closed the ticket."
Server Down,Account,P2,Server Down reported by employee. Incident ID INC0217. Investigation required.,"Diagnosed the issue, applied standard troubleshooting for account, verified service restored and closed the ticket."
Printer Offline,Server,P2,Printer Offline reported by employee. Incident ID INC0218. Investigation required.,"Diagnosed the issue, applied standard troubleshooting for server, verified service restored and closed the ticket."
SSL Certificate Expired,Email,P1,SSL Certificate Expired reported by employee. Incident ID INC0219. Investigation required.,"Diagnosed the issue, applied standard troubleshooting for email, verified service restored and closed the ticket."
MFA Failure,Security,P3,MFA Failure reported by employee. Incident ID INC0220. Investigation required.,"Diagnosed the issue, applied standard troubleshooting for security, verified service restored and closed the ticket."
Database Connection Error,Hardware,P1,Database Connection Error reported by employee. Incident ID INC0221. Investigation required.,"Diagnosed the issue, applied standard troubleshooting for hardware, verified service restored and closed the ticket."
Database Connection Error,Hardware,P4,Database Connection Error reported by employee. Incident ID INC0222. Investigation required.,"Diagnosed the issue, applied standard troubleshooting for hardware, verified service restored and closed the ticket."
Password Reset,Software,P2,Password Reset reported by employee. Incident ID INC0223. Investigation required.,"Diagnosed the issue, applied standard troubleshooting for software, verified service restored and closed the ticket."
VPN Connection Failure,Security,P1,VPN Connection Failure reported by employee. Incident ID INC0224. Investigation required.,"Diagnosed the issue, applied standard troubleshooting for security, verified service restored and closed the ticket."
Database Connection Error,Software,P3,Database Connection Error reported by employee. Incident ID INC0225. Investigation required.,"Diagnosed the issue, applied standard troubleshooting for software, verified service restored and closed the ticket."
Password Reset,Hardware,P4,Password Reset reported by employee. Incident ID INC0226. Investigation required.,"Diagnosed the issue, applied standard troubleshooting for hardware, verified service restored and closed the ticket."
Laptop Slow Performance,Account,P1,Laptop Slow Performance reported by employee. Incident ID INC0227. Investigation required.,"Diagnosed the issue, applied standard troubleshooting for account, verified service restored and closed the ticket."
WiFi Connectivity Issue,Email,P3,WiFi Connectivity Issue reported by employee. Incident ID INC0228. Investigation required.,"Diagnosed the issue, applied standard troubleshooting for email, verified service restored and closed the ticket."
Email Delivery Failure,Database,P3,Email Delivery Failure reported by employee. Incident ID INC0229. Investigation required.,"Diagnosed the issue, applied standard troubleshooting for database, verified service restored and closed the ticket."
Firewall Block,Security,P2,Firewall Block reported by employee. Incident ID INC0230. Investigation required.,"Diagnosed the issue, applied standard troubleshooting for security, verified service restored and closed the ticket."
BitLocker Recovery,Hardware,P1,BitLocker Recovery reported by employee. Incident ID INC0231. Investigation required.,"Diagnosed the issue, applied standard troubleshooting for hardware, verified service restored and closed the ticket."
BitLocker Recovery,Database,P4,BitLocker Recovery reported by employee. Incident ID INC0232. Investigation required.,"Diagnosed the issue, applied standard troubleshooting for database, verified service restored and closed the ticket."
Disk Space Alert,Security,P4,Disk Space Alert reported by employee. Incident ID INC0233. Investigation required.,"Diagnosed the issue, applied standard troubleshooting for security, verified service restored and closed the ticket."
BitLocker Recovery,Security,P3,BitLocker Recovery reported by employee. Incident ID INC0234. Investigation required.,"Diagnosed the issue, applied standard troubleshooting for security, verified service restored and closed the ticket."
Outlook Not Syncing,Account,P2,Outlook Not Syncing reported by employee. Incident ID INC0235. Investigation required.,"Diagnosed the issue, applied standard troubleshooting for account, verified service restored and closed the ticket."
Account Locked,Database,P4,Account Locked reported by employee. Incident ID INC0236. Investigation required.,"Diagnosed the issue, applied standard troubleshooting for database, verified service restored and closed the ticket."
File Share Access Denied,Software,P2,File Share Access Denied reported by employee. Incident ID INC0237. Investigation required.,"Diagnosed the issue, applied standard troubleshooting for software, verified service restored and closed the ticket."
MFA Failure,Database,P4,MFA Failure reported by employee. Incident ID INC0238. Investigation required.,"Diagnosed the issue, applied standard troubleshooting for database, verified service restored and closed the ticket."
Laptop Slow Performance,Database,P1,Laptop Slow Performance reported by employee. Incident ID INC0239. Investigation required.,"Diagnosed the issue, applied standard troubleshooting for database, verified service restored and closed the ticket."
WiFi Connectivity Issue,Database,P4,WiFi Connectivity Issue reported by employee. Incident ID INC0240. Investigation required.,"Diagnosed the issue, applied standard troubleshooting for database, verified service restored and closed the ticket."
Laptop Slow Performance,Database,P3,Laptop Slow Performance reported by employee. Incident ID INC0241. Investigation required.,"Diagnosed the issue, applied standard troubleshooting for database, verified service restored and closed the ticket."
Firewall Block,Database,P2,Firewall Block reported by employee. Incident ID INC0242. Investigation required.,"Diagnosed the issue, applied standard troubleshooting for database, verified service restored and closed the ticket."
Laptop Slow Performance,Account,P2,Laptop Slow Performance reported by employee. Incident ID INC0243. Investigation required.,"Diagnosed the issue, applied standard troubleshooting for account, verified service restored and closed the ticket."
BitLocker Recovery,Hardware,P3,BitLocker Recovery reported by employee. Incident ID INC0244. Investigation required.,"Diagnosed the issue, applied standard troubleshooting for hardware, verified service restored and closed the ticket."
Email Delivery Failure,Account,P1,Email Delivery Failure reported by employee. Incident ID INC0245. Investigation required.,"Diagnosed the issue, applied standard troubleshooting for account, verified service restored and closed the ticket."
SSL Certificate Expired,Account,P3,SSL Certificate Expired reported by employee. Incident ID INC0246. Investigation required.,"Diagnosed the issue, applied standard troubleshooting for account, verified service restored and closed the ticket."
Network Latency,Security,P4,Network Latency reported by employee. Incident ID INC0247. Investigation required.,"Diagnosed the issue, applied standard troubleshooting for security, verified service restored and closed the ticket."
Database Connection Error,Security,P2,Database Connection Error reported by employee. Incident ID INC0248. Investigation required.,"Diagnosed the issue, applied standard troubleshooting for security, verified service restored and closed the ticket."
Database Connection Error,Software,P2,Database Connection Error reported by employee. Incident ID INC0249. Investigation required.,"Diagnosed the issue, applied standard troubleshooting for software, verified service restored and closed the ticket."
Account Locked,Security,P4,Account Locked reported by employee. Incident ID INC0250. Investigation required.,"Diagnosed the issue, applied standard troubleshooting for security, verified service restored and closed the ticket."
VPN Connection Failure,Account,P4,VPN Connection Failure reported by employee. Incident ID INC0251. Investigation required.,"Diagnosed the issue, applied standard troubleshooting for account, verified service restored and closed the ticket."
Printer Offline,Email,P1,Printer Offline reported by employee. Incident ID INC0252. Investigation required.,"Diagnosed the issue, applied standard troubleshooting for email, verified service restored and closed the ticket."
Software Installation Failed,Email,P4,Software Installation Failed reported by employee. Incident ID INC0253. Investigation required.,"Diagnosed the issue, applied standard troubleshooting for email, verified service restored and closed the ticket."
SSL Certificate Expired,Database,P3,SSL Certificate Expired reported by employee. Incident ID INC0254. Investigation required.,"Diagnosed the issue, applied standard troubleshooting for database, verified service restored and closed the ticket."
Software Installation Failed,Database,P4,Software Installation Failed reported by employee. Incident ID INC0255. Investigation required.,"Diagnosed the issue, applied standard troubleshooting for database, verified service restored and closed the ticket."
MFA Failure,Hardware,P1,MFA Failure reported by employee. Incident ID INC0256. Investigation required.,"Diagnosed the issue, applied standard troubleshooting for hardware, verified service restored and closed the ticket."
Disk Space Alert,Software,P3,Disk Space Alert reported by employee. Incident ID INC0257. Investigation required.,"Diagnosed the issue, applied standard troubleshooting for software, verified service restored and closed the ticket."
BitLocker Recovery,Security,P1,BitLocker Recovery reported by employee. Incident ID INC0258. Investigation required.,"Diagnosed the issue, applied standard troubleshooting for security, verified service restored and closed the ticket."
Email Delivery Failure,Hardware,P3,Email Delivery Failure reported by employee. Incident ID INC0259. Investigation required.,"Diagnosed the issue, applied standard troubleshooting for hardware, verified service restored and closed the ticket."
MFA Failure,Network,P3,MFA Failure reported by employee. Incident ID INC0260. Investigation required.,"Diagnosed the issue, applied standard troubleshooting for network, verified service restored and closed the ticket."
Firewall Block,Email,P1,Firewall Block reported by employee. Incident ID INC0261. Investigation required.,"Diagnosed the issue, applied standard troubleshooting for email, verified service restored and closed the ticket."
Email Delivery Failure,Network,P2,Email Delivery Failure reported by employee. Incident ID INC0262. Investigation required.,"Diagnosed the issue, applied standard troubleshooting for network, verified service restored and closed the ticket."
Database Connection Error,Network,P2,Database Connection Error reported by employee. Incident ID INC0263. Investigation required.,"Diagnosed the issue, applied standard troubleshooting for network, verified service restored and closed the ticket."
Password Reset,Hardware,P1,Password Reset reported by employee. Incident ID INC0264. Investigation required.,"Diagnosed the issue, applied standard troubleshooting for hardware, verified service restored and closed the ticket."
Email Delivery Failure,Hardware,P2,Email Delivery Failure reported by employee. Incident ID INC0265. Investigation required.,"Diagnosed the issue, applied standard troubleshooting for hardware, verified service restored and closed the ticket."
MFA Failure,Software,P2,MFA Failure reported by employee. Incident ID INC0266. Investigation required.,"Diagnosed the issue, applied standard troubleshooting for software, verified service restored and closed the ticket."
Password Reset,Security,P4,Password Reset reported by employee. Incident ID INC0267. Investigation required.,"Diagnosed the issue, applied standard troubleshooting for security, verified service restored and closed the ticket."
Database Connection Error,Network,P1,Database Connection Error reported by employee. Incident ID INC0268. Investigation required.,"Diagnosed the issue, applied standard troubleshooting for network, verified service restored and closed the ticket."
VPN Connection Failure,Network,P4,VPN Connection Failure reported by employee. Incident ID INC0269. Investigation required.,"Diagnosed the issue, applied standard troubleshooting for network, verified service restored and closed the ticket."
Printer Offline,Software,P4,Printer Offline reported by employee. Incident ID INC0270. Investigation required.,"Diagnosed the issue, applied standard troubleshooting for software, verified service restored and closed the ticket."
SSL Certificate Expired,Email,P2,SSL Certificate Expired reported by employee. Incident ID INC0271. Investigation required.,"Diagnosed the issue, applied standard troubleshooting for email, verified service restored and closed the ticket."
Software Installation Failed,Email,P3,Software Installation Failed reported by employee. Incident ID INC0272. Investigation required.,"Diagnosed the issue, applied standard troubleshooting for email, verified service restored and closed the ticket."
Network Latency,Network,P1,Network Latency reported by employee. Incident ID INC0273. Investigation required.,"Diagnosed the issue, applied standard troubleshooting for network, verified service restored and closed the ticket."
File Share Access Denied,Server,P3,File Share Access Denied reported by employee. Incident ID INC0274. Investigation required.,"Diagnosed the issue, applied standard troubleshooting for server, verified service restored and closed the ticket."
Database Connection Error,Network,P1,Database Connection Error reported by employee. Incident ID INC0275. Investigation required.,"Diagnosed the issue, applied standard troubleshooting for network, verified service restored and closed the ticket."
Outlook Not Syncing,Network,P1,Outlook Not Syncing reported by employee. Incident ID INC0276. Investigation required.,"Diagnosed the issue, applied standard troubleshooting for network, verified service restored and closed the ticket."
File Share Access Denied,Software,P2,File Share Access Denied reported by employee. Incident ID INC0277. Investigation required.,"Diagnosed the issue, applied standard troubleshooting for software, verified service restored and closed the ticket."
VPN Connection Failure,Email,P2,VPN Connection Failure reported by employee. Incident ID INC0278. Investigation required.,"Diagnosed the issue, applied standard troubleshooting for email, verified service restored and closed the ticket."
Account Locked,Hardware,P3,Account Locked reported by employee. Incident ID INC0279. Investigation required.,"Diagnosed the issue, applied standard troubleshooting for hardware, verified service restored and closed the ticket."
Network Latency,Network,P3,Network Latency reported by employee. Incident ID INC0280. Investigation required.,"Diagnosed the issue, applied standard troubleshooting for network, verified service restored and closed the ticket."
Server Down,Network,P3,Server Down reported by employee. Incident ID INC0281. Investigation required.,"Diagnosed the issue, applied standard troubleshooting for network, verified service restored and closed the ticket."
File Share Access Denied,Email,P2,File Share Access Denied reported by employee. Incident ID INC0282. Investigation required.,"Diagnosed the issue, applied standard troubleshooting for email, verified service restored and closed the ticket."
Printer Offline,Network,P1,Printer Offline reported by employee. Incident ID INC0283. Investigation required.,"Diagnosed the issue, applied standard troubleshooting for network, verified service restored and closed the ticket."
Blue Screen Error,Software,P2,Blue Screen Error reported by employee. Incident ID INC0284. Investigation required.,"Diagnosed the issue, applied standard troubleshooting for software, verified service restored and closed the ticket."
Disk Space Alert,Database,P3,Disk Space Alert reported by employee. Incident ID INC0285. Investigation required.,"Diagnosed the issue, applied standard troubleshooting for database, verified service restored and closed the ticket."
Email Delivery Failure,Security,P1,Email Delivery Failure reported by employee. Incident ID INC0286. Investigation required.,"Diagnosed the issue, applied standard troubleshooting for security, verified service restored and closed the ticket."
MFA Failure,Database,P3,MFA Failure reported by employee. Incident ID INC0287. Investigation required.,"Diagnosed the issue, applied standard troubleshooting for database, verified service restored and closed the ticket."
Password Reset,Email,P4,Password Reset reported by employee. Incident ID INC0288. Investigation required.,"Diagnosed the issue, applied standard troubleshooting for email, verified service restored and closed the ticket."
Password Reset,Software,P4,Password Reset reported by employee. Incident ID INC0289. Investigation required.,"Diagnosed the issue, applied standard troubleshooting for software, verified service restored and closed the ticket."
Email Delivery Failure,Network,P3,Email Delivery Failure reported by employee. Incident ID INC0290. Investigation required.,"Diagnosed the issue, applied standard troubleshooting for network, verified service restored and closed the ticket."
BitLocker Recovery,Server,P3,BitLocker Recovery reported by employee. Incident ID INC0291. Investigation required.,"Diagnosed the issue, applied standard troubleshooting for server, verified service restored and closed the ticket."
Password Reset,Hardware,P2,Password Reset reported by employee. Incident ID INC0292. Investigation required.,"Diagnosed the issue, applied standard troubleshooting for hardware, verified service restored and closed the ticket."
MFA Failure,Account,P2,MFA Failure reported by employee. Incident ID INC0293. Investigation required.,"Diagnosed the issue, applied standard troubleshooting for account, verified service restored and closed the ticket."
VPN Connection Failure,Database,P1,VPN Connection Failure reported by employee. Incident ID INC0294. Investigation required.,"Diagnosed the issue, applied standard troubleshooting for database, verified service restored and closed the ticket."
Network Latency,Server,P3,Network Latency reported by employee. Incident ID INC0295. Investigation required.,"Diagnosed the issue, applied standard troubleshooting for server, verified service restored and closed the ticket."
Laptop Slow Performance,Network,P1,Laptop Slow Performance reported by employee. Incident ID INC0296. Investigation required.,"Diagnosed the issue, applied standard troubleshooting for network, verified service restored and closed the ticket."
VPN Connection Failure,Database,P2,VPN Connection Failure reported by employee. Incident ID INC0297. Investigation required.,"Diagnosed the issue, applied standard troubleshooting for database, verified service restored and closed the ticket."
Blue Screen Error,Hardware,P4,Blue Screen Error reported by employee. Incident ID INC0298. Investigation required.,"Diagnosed the issue, applied standard troubleshooting for hardware, verified service restored and closed the ticket."
Email Delivery Failure,Security,P2,Email Delivery Failure reported by employee. Incident ID INC0299. Investigation required.,"Diagnosed the issue, applied standard troubleshooting for security, verified service restored and closed the ticket."
WiFi Connectivity Issue,Server,P2,WiFi Connectivity Issue reported by employee. Incident ID INC0300. Investigation required.,"Diagnosed the issue, applied standard troubleshooting for server, verified service restored and closed the ticket."
Email Delivery Failure,Email,P4,Email Delivery Failure reported by employee. Incident ID INC0301. Investigation required.,"Diagnosed the issue, applied standard troubleshooting for email, verified service restored and closed the ticket."
Disk Space Alert,Server,P3,Disk Space Alert reported by employee. Incident ID INC0302. Investigation required.,"Diagnosed the issue, applied standard troubleshooting for server, verified service restored and closed the ticket."
Firewall Block,Database,P2,Firewall Block reported by employee. Incident ID INC0303. Investigation required.,"Diagnosed the issue, applied standard troubleshooting for database, verified service restored and closed the ticket."
SSL Certificate Expired,Software,P3,SSL Certificate Expired reported by employee. Incident ID INC0304. Investigation required.,"Diagnosed the issue, applied standard troubleshooting for software, verified service restored and closed the ticket."
SSL Certificate Expired,Server,P4,SSL Certificate Expired reported by employee. Incident ID INC0305. Investigation required.,"Diagnosed the issue, applied standard troubleshooting for server, verified service restored and closed the ticket."
Blue Screen Error,Software,P4,Blue Screen Error reported by employee. Incident ID INC0306. Investigation required.,"Diagnosed the issue, applied standard troubleshooting for software, verified service restored and closed the ticket."
Blue Screen Error,Server,P4,Blue Screen Error reported by employee. Incident ID INC0307. Investigation required.,"Diagnosed the issue, applied standard troubleshooting for server, verified service restored and closed the ticket."
Network Latency,Software,P4,Network Latency reported by employee. Incident ID INC0308. Investigation required.,"Diagnosed the issue, applied standard troubleshooting for software, verified service restored and closed the ticket."
Server Down,Email,P2,Server Down reported by employee. Incident ID INC0309. Investigation required.,"Diagnosed the issue, applied standard troubleshooting for email, verified service restored and closed the ticket."
File Share Access Denied,Database,P1,File Share Access Denied reported by employee. Incident ID INC0310. Investigation required.,"Diagnosed the issue, applied standard troubleshooting for database, verified service restored and closed the ticket."
Disk Space Alert,Server,P2,Disk Space Alert reported by employee. Incident ID INC0311. Investigation required.,"Diagnosed the issue, applied standard troubleshooting for server, verified service restored and closed the ticket."
Outlook Not Syncing,Software,P2,Outlook Not Syncing reported by employee. Incident ID INC0312. Investigation required.,"Diagnosed the issue, applied standard troubleshooting for software, verified service restored and closed the ticket."
Outlook Not Syncing,Network,P2,Outlook Not Syncing reported by employee. Incident ID INC0313. Investigation required.,"Diagnosed the issue, applied standard troubleshooting for network, verified service restored and closed the ticket."
File Share Access Denied,Software,P1,File Share Access Denied reported by employee. Incident ID INC0314. Investigation required.,"Diagnosed the issue, applied standard troubleshooting for software, verified service restored and closed the ticket."
Software Installation Failed,Network,P2,Software Installation Failed reported by employee. Incident ID INC0315. Investigation required.,"Diagnosed the issue, applied standard troubleshooting for network, verified service restored and closed the ticket."
Software Installation Failed,Software,P4,Software Installation Failed reported by employee. Incident ID INC0316. Investigation required.,"Diagnosed the issue, applied standard troubleshooting for software, verified service restored and closed the ticket."
Firewall Block,Network,P3,Firewall Block reported by employee. Incident ID INC0317. Investigation required.,"Diagnosed the issue, applied standard troubleshooting for network, verified service restored and closed the ticket."
Software Installation Failed,Network,P4,Software Installation Failed reported by employee. Incident ID INC0318. Investigation required.,"Diagnosed the issue, applied standard troubleshooting for network, verified service restored and closed the ticket."
SSL Certificate Expired,Server,P1,SSL Certificate Expired reported by employee. Incident ID INC0319. Investigation required.,"Diagnosed the issue, applied standard troubleshooting for server, verified service restored and closed the ticket."
Disk Space Alert,Account,P3,Disk Space Alert reported by employee. Incident ID INC0320. Investigation required.,"Diagnosed the issue, applied standard troubleshooting for account, verified service restored and closed the ticket."
MFA Failure,Email,P4,MFA Failure reported by employee. Incident ID INC0321. Investigation required.,"Diagnosed the issue, applied standard troubleshooting for email, verified service restored and closed the ticket."
Laptop Slow Performance,Hardware,P4,Laptop Slow Performance reported by employee. Incident ID INC0322. Investigation required.,"Diagnosed the issue, applied standard troubleshooting for hardware, verified service restored and closed the ticket."
BitLocker Recovery,Database,P4,BitLocker Recovery reported by employee. Incident ID INC0323. Investigation required.,"Diagnosed the issue, applied standard troubleshooting for database, verified service restored and closed the ticket."
Printer Offline,Database,P1,Printer Offline reported by employee. Incident ID INC0324. Investigation required.,"Diagnosed the issue, applied standard troubleshooting for database, verified service restored and closed the ticket."
Blue Screen Error,Server,P2,Blue Screen Error reported by employee. Incident ID INC0325. Investigation required.,"Diagnosed the issue, applied standard troubleshooting for server, verified service restored and closed the ticket."
File Share Access Denied,Database,P2,File Share Access Denied reported by employee. Incident ID INC0326. Investigation required.,"Diagnosed the issue, applied standard troubleshooting for database, verified service restored and closed the ticket."
File Share Access Denied,Security,P2,File Share Access Denied reported by employee. Incident ID INC0327. Investigation required.,"Diagnosed the issue, applied standard troubleshooting for security, verified service restored and closed the ticket."
Outlook Not Syncing,Security,P3,Outlook Not Syncing reported by employee. Incident ID INC0328. Investigation required.,"Diagnosed the issue, applied standard troubleshooting for security, verified service restored and closed the ticket."
Account Locked,Account,P3,Account Locked reported by employee. Incident ID INC0329. Investigation required.,"Diagnosed the issue, applied standard troubleshooting for account, verified service restored and closed the ticket."
DNS Resolution Failure,Software,P2,DNS Resolution Failure reported by employee. Incident ID INC0330. Investigation required.,"Diagnosed the issue, applied standard troubleshooting for software, verified service restored and closed the ticket."
BitLocker Recovery,Server,P4,BitLocker Recovery reported by employee. Incident ID INC0331. Investigation required.,"Diagnosed the issue, applied standard troubleshooting for server, verified service restored and closed the ticket."
BitLocker Recovery,Email,P3,BitLocker Recovery reported by employee. Incident ID INC0332. Investigation required.,"Diagnosed the issue, applied standard troubleshooting for email, verified service restored and closed the ticket."
Disk Space Alert,Database,P2,Disk Space Alert reported by employee. Incident ID INC0333. Investigation required.,"Diagnosed the issue, applied standard troubleshooting for database, verified service restored and closed the ticket."
Software Installation Failed,Email,P1,Software Installation Failed reported by employee. Incident ID INC0334. Investigation required.,"Diagnosed the issue, applied standard troubleshooting for email, verified service restored and closed the ticket."
MFA Failure,Security,P3,MFA Failure reported by employee. Incident ID INC0335. Investigation required.,"Diagnosed the issue, applied standard troubleshooting for security, verified service restored and closed the ticket."
VPN Connection Failure,Email,P4,VPN Connection Failure reported by employee. Incident ID INC0336. Investigation required.,"Diagnosed the issue, applied standard troubleshooting for email, verified service restored and closed the ticket."
Outlook Not Syncing,Server,P4,Outlook Not Syncing reported by employee. Incident ID INC0337. Investigation required.,"Diagnosed the issue, applied standard troubleshooting for server, verified service restored and closed the ticket."
SSL Certificate Expired,Security,P1,SSL Certificate Expired reported by employee. Incident ID INC0338. Investigation required.,"Diagnosed the issue, applied standard troubleshooting for security, verified service restored and closed the ticket."
Printer Offline,Software,P1,Printer Offline reported by employee. Incident ID INC0339. Investigation required.,"Diagnosed the issue, applied standard troubleshooting for software, verified service restored and closed the ticket."
Outlook Not Syncing,Database,P3,Outlook Not Syncing reported by employee. Incident ID INC0340. Investigation required.,"Diagnosed the issue, applied standard troubleshooting for database, verified service restored and closed the ticket."
Printer Offline,Network,P2,Printer Offline reported by employee. Incident ID INC0341. Investigation required.,"Diagnosed the issue, applied standard troubleshooting for network, verified service restored and closed the ticket."
File Share Access Denied,Account,P3,File Share Access Denied reported by employee. Incident ID INC0342. Investigation required.,"Diagnosed the issue, applied standard troubleshooting for account, verified service restored and closed the ticket."
Outlook Not Syncing,Hardware,P4,Outlook Not Syncing reported by employee. Incident ID INC0343. Investigation required.,"Diagnosed the issue, applied standard troubleshooting for hardware, verified service restored and closed the ticket."
SSL Certificate Expired,Security,P2,SSL Certificate Expired reported by employee. Incident ID INC0344. Investigation required.,"Diagnosed the issue, applied standard troubleshooting for security, verified service restored and closed the ticket."
SSL Certificate Expired,Email,P2,SSL Certificate Expired reported by employee. Incident ID INC0345. Investigation required.,"Diagnosed the issue, applied standard troubleshooting for email, verified service restored and closed the ticket."
MFA Failure,Email,P2,MFA Failure reported by employee. Incident ID INC0346. Investigation required.,"Diagnosed the issue, applied standard troubleshooting for email, verified service restored and closed the ticket."
DNS Resolution Failure,Server,P2,DNS Resolution Failure reported by employee. Incident ID INC0347. Investigation required.,"Diagnosed the issue, applied standard troubleshooting for server, verified service restored and closed the ticket."
WiFi Connectivity Issue,Security,P2,WiFi Connectivity Issue reported by employee. Incident ID INC0348. Investigation required.,"Diagnosed the issue, applied standard troubleshooting for security, verified service restored and closed the ticket."
Printer Offline,Database,P1,Printer Offline reported by employee. Incident ID INC0349. Investigation required.,"Diagnosed the issue, applied standard troubleshooting for database, verified service restored and closed the ticket."
VPN Connection Failure,Database,P3,VPN Connection Failure reported by employee. Incident ID INC0350. Investigation required.,"Diagnosed the issue, applied standard troubleshooting for database, verified service restored and closed the ticket."
Printer Offline,Network,P3,Printer Offline reported by employee. Incident ID INC0351. Investigation required.,"Diagnosed the issue, applied standard troubleshooting for network, verified service restored and closed the ticket."
Firewall Block,Database,P2,Firewall Block reported by employee. Incident ID INC0352. Investigation required.,"Diagnosed the issue, applied standard troubleshooting for database, verified service restored and closed the ticket."
File Share Access Denied,Security,P3,File Share Access Denied reported by employee. Incident ID INC0353. Investigation required.,"Diagnosed the issue, applied standard troubleshooting for security, verified service restored and closed the ticket."
WiFi Connectivity Issue,Database,P2,WiFi Connectivity Issue reported by employee. Incident ID INC0354. Investigation required.,"Diagnosed the issue, applied standard troubleshooting for database, verified service restored and closed the ticket."
Laptop Slow Performance,Database,P2,Laptop Slow Performance reported by employee. Incident ID INC0355. Investigation required.,"Diagnosed the issue, applied standard troubleshooting for database, verified service restored and closed the ticket."
WiFi Connectivity Issue,Server,P3,WiFi Connectivity Issue reported by employee. Incident ID INC0356. Investigation required.,"Diagnosed the issue, applied standard troubleshooting for server, verified service restored and closed the ticket."
Network Latency,Network,P3,Network Latency reported by employee. Incident ID INC0357. Investigation required.,"Diagnosed the issue, applied standard troubleshooting for network, verified service restored and closed the ticket."
Account Locked,Hardware,P2,Account Locked reported by employee. Incident ID INC0358. Investigation required.,"Diagnosed the issue, applied standard troubleshooting for hardware, verified service restored and closed the ticket."
MFA Failure,Network,P1,MFA Failure reported by employee. Incident ID INC0359. Investigation required.,"Diagnosed the issue, applied standard troubleshooting for network, verified service restored and closed the ticket."
Password Reset,Account,P3,Password Reset reported by employee. Incident ID INC0360. Investigation required.,"Diagnosed the issue, applied standard troubleshooting for account, verified service restored and closed the ticket."
Password Reset,Database,P2,Password Reset reported by employee. Incident ID INC0361. Investigation required.,"Diagnosed the issue, applied standard troubleshooting for database, verified service restored and closed the ticket."
Database Connection Error,Software,P3,Database Connection Error reported by employee. Incident ID INC0362. Investigation required.,"Diagnosed the issue, applied standard troubleshooting for software, verified service restored and closed the ticket."
Database Connection Error,Security,P3,Database Connection Error reported by employee. Incident ID INC0363. Investigation required.,"Diagnosed the issue, applied standard troubleshooting for security, verified service restored and closed the ticket."
VPN Connection Failure,Server,P2,VPN Connection Failure reported by employee. Incident ID INC0364. Investigation required.,"Diagnosed the issue, applied standard troubleshooting for server, verified service restored and closed the ticket."
Printer Offline,Software,P1,Printer Offline reported by employee. Incident ID INC0365. Investigation required.,"Diagnosed the issue, applied standard troubleshooting for software, verified service restored and closed the ticket."
Network Latency,Database,P1,Network Latency reported by employee. Incident ID INC0366. Investigation required.,"Diagnosed the issue, applied standard troubleshooting for database, verified service restored and closed the ticket."
Disk Space Alert,Account,P4,Disk Space Alert reported by employee. Incident ID INC0367. Investigation required.,"Diagnosed the issue, applied standard troubleshooting for account, verified service restored and closed the ticket."
VPN Connection Failure,Database,P2,VPN Connection Failure reported by employee. Incident ID INC0368. Investigation required.,"Diagnosed the issue, applied standard troubleshooting for database, verified service restored and closed the ticket."
VPN Connection Failure,Email,P4,VPN Connection Failure reported by employee. Incident ID INC0369. Investigation required.,"Diagnosed the issue, applied standard troubleshooting for email, verified service restored and closed the ticket."
Account Locked,Hardware,P4,Account Locked reported by employee. Incident ID INC0370. Investigation required.,"Diagnosed the issue, applied standard troubleshooting for hardware, verified service restored and closed the ticket."
File Share Access Denied,Database,P4,File Share Access Denied reported by employee. Incident ID INC0371. Investigation required.,"Diagnosed the issue, applied standard troubleshooting for database, verified service restored and closed the ticket."
Disk Space Alert,Security,P1,Disk Space Alert reported by employee. Incident ID INC0372. Investigation required.,"Diagnosed the issue, applied standard troubleshooting for security, verified service restored and closed the ticket."
MFA Failure,Account,P1,MFA Failure reported by employee. Incident ID INC0373. Investigation required.,"Diagnosed the issue, applied standard troubleshooting for account, verified service restored and closed the ticket."
Laptop Slow Performance,Network,P2,Laptop Slow Performance reported by employee. Incident ID INC0374. Investigation required.,"Diagnosed the issue, applied standard troubleshooting for network, verified service restored and closed the ticket."
SSL Certificate Expired,Network,P2,SSL Certificate Expired reported by employee. Incident ID INC0375. Investigation required.,"Diagnosed the issue, applied standard troubleshooting for network, verified service restored and closed the ticket."
Blue Screen Error,Email,P4,Blue Screen Error reported by employee. Incident ID INC0376. Investigation required.,"Diagnosed the issue, applied standard troubleshooting for email, verified service restored and closed the ticket."
File Share Access Denied,Email,P3,File Share Access Denied reported by employee. Incident ID INC0377. Investigation required.,"Diagnosed the issue, applied standard troubleshooting for email, verified service restored and closed the ticket."
Password Reset,Account,P4,Password Reset reported by employee. Incident ID INC0378. Investigation required.,"Diagnosed the issue, applied standard troubleshooting for account, verified service restored and closed the ticket."
Disk Space Alert,Email,P3,Disk Space Alert reported by employee. Incident ID INC0379. Investigation required.,"Diagnosed the issue, applied standard troubleshooting for email, verified service restored and closed the ticket."
WiFi Connectivity Issue,Security,P4,WiFi Connectivity Issue reported by employee. Incident ID INC0380. Investigation required.,"Diagnosed the issue, applied standard troubleshooting for security, verified service restored and closed the ticket."
Database Connection Error,Server,P4,Database Connection Error reported by employee. Incident ID INC0381. Investigation required.,"Diagnosed the issue, applied standard troubleshooting for server, verified service restored and closed the ticket."
Laptop Slow Performance,Security,P3,Laptop Slow Performance reported by employee. Incident ID INC0382. Investigation required.,"Diagnosed the issue, applied standard troubleshooting for security, verified service restored and closed the ticket."
Network Latency,Email,P4,Network Latency reported by employee. Incident ID INC0383. Investigation required.,"Diagnosed the issue, applied standard troubleshooting for email, verified service restored and closed the ticket."
Outlook Not Syncing,Hardware,P4,Outlook Not Syncing reported by employee. Incident ID INC0384. Investigation required.,"Diagnosed the issue, applied standard troubleshooting for hardware, verified service restored and closed the ticket."
Password Reset,Database,P2,Password Reset reported by employee. Incident ID INC0385. Investigation required.,"Diagnosed the issue, applied standard troubleshooting for database, verified service restored and closed the ticket."
DNS Resolution Failure,Database,P1,DNS Resolution Failure reported by employee. Incident ID INC0386. Investigation required.,"Diagnosed the issue, applied standard troubleshooting for database, verified service restored and closed the ticket."
Account Locked,Email,P4,Account Locked reported by employee. Incident ID INC0387. Investigation required.,"Diagnosed the issue, applied standard troubleshooting for email, verified service restored and closed the ticket."
Network Latency,Network,P1,Network Latency reported by employee. Incident ID INC0388. Investigation required.,"Diagnosed the issue, applied standard troubleshooting for network, verified service restored and closed the ticket."
MFA Failure,Database,P1,MFA Failure reported by employee. Incident ID INC0389. Investigation required.,"Diagnosed the issue, applied standard troubleshooting for database, verified service restored and closed the ticket."
Email Delivery Failure,Server,P4,Email Delivery Failure reported by employee. Incident ID INC0390. Investigation required.,"Diagnosed the issue, applied standard troubleshooting for server, verified service restored and closed the ticket."
Email Delivery Failure,Account,P1,Email Delivery Failure reported by employee. Incident ID INC0391. Investigation required.,"Diagnosed the issue, applied standard troubleshooting for account, verified service restored and closed the ticket."
Firewall Block,Hardware,P4,Firewall Block reported by employee. Incident ID INC0392. Investigation required.,"Diagnosed the issue, applied standard troubleshooting for hardware, verified service restored and closed the ticket."
MFA Failure,Hardware,P2,MFA Failure reported by employee. Incident ID INC0393. Investigation required.,"Diagnosed the issue, applied standard troubleshooting for hardware, verified service restored and closed the ticket."
Database Connection Error,Hardware,P1,Database Connection Error reported by employee. Incident ID INC0394. Investigation required.,"Diagnosed the issue, applied standard troubleshooting for hardware, verified service restored and closed the ticket."
Laptop Slow Performance,Server,P1,Laptop Slow Performance reported by employee. Incident ID INC0395. Investigation required.,"Diagnosed the issue, applied standard troubleshooting for server, verified service restored and closed the ticket."
Blue Screen Error,Security,P4,Blue Screen Error reported by employee. Incident ID INC0396. Investigation required.,"Diagnosed the issue, applied standard troubleshooting for security, verified service restored and closed the ticket."
Server Down,Network,P4,Server Down reported by employee. Incident ID INC0397. Investigation required.,"Diagnosed the issue, applied standard troubleshooting for network, verified service restored and closed the ticket."
Laptop Slow Performance,Account,P3,Laptop Slow Performance reported by employee. Incident ID INC0398. Investigation required.,"Diagnosed the issue, applied standard troubleshooting for account, verified service restored and closed the ticket."
DNS Resolution Failure,Hardware,P3,DNS Resolution Failure reported by employee. Incident ID INC0399. Investigation required.,"Diagnosed the issue, applied standard troubleshooting for hardware, verified service restored and closed the ticket."
Password Reset,Email,P1,Password Reset reported by employee. Incident ID INC0400. Investigation required.,"Diagnosed the issue, applied standard troubleshooting for email, verified service restored and closed the ticket."
BitLocker Recovery,Hardware,P3,BitLocker Recovery reported by employee. Incident ID INC0401. Investigation required.,"Diagnosed the issue, applied standard troubleshooting for hardware, verified service restored and closed the ticket."
Laptop Slow Performance,Security,P2,Laptop Slow Performance reported by employee. Incident ID INC0402. Investigation required.,"Diagnosed the issue, applied standard troubleshooting for security, verified service restored and closed the ticket."
VPN Connection Failure,Database,P2,VPN Connection Failure reported by employee. Incident ID INC0403. Investigation required.,"Diagnosed the issue, applied standard troubleshooting for database, verified service restored and closed the ticket."
DNS Resolution Failure,Hardware,P2,DNS Resolution Failure reported by employee. Incident ID INC0404. Investigation required.,"Diagnosed the issue, applied standard troubleshooting for hardware, verified service restored and closed the ticket."
Email Delivery Failure,Account,P1,Email Delivery Failure reported by employee. Incident ID INC0405. Investigation required.,"Diagnosed the issue, applied standard troubleshooting for account, verified service restored and closed the ticket."
BitLocker Recovery,Security,P1,BitLocker Recovery reported by employee. Incident ID INC0406. Investigation required.,"Diagnosed the issue, applied standard troubleshooting for security, verified service restored and closed the ticket."
Software Installation Failed,Software,P4,Software Installation Failed reported by employee. Incident ID INC0407. Investigation required.,"Diagnosed the issue, applied standard troubleshooting for software, verified service restored and closed the ticket."
Software Installation Failed,Security,P3,Software Installation Failed reported by employee. Incident ID INC0408. Investigation required.,"Diagnosed the issue, applied standard troubleshooting for security, verified service restored and closed the ticket."
Disk Space Alert,Security,P2,Disk Space Alert reported by employee. Incident ID INC0409. Investigation required.,"Diagnosed the issue, applied standard troubleshooting for security, verified service restored and closed the ticket."
Printer Offline,Hardware,P1,Printer Offline reported by employee. Incident ID INC0410. Investigation required.,"Diagnosed the issue, applied standard troubleshooting for hardware, verified service restored and closed the ticket."
File Share Access Denied,Network,P4,File Share Access Denied reported by employee. Incident ID INC0411. Investigation required.,"Diagnosed the issue, applied standard troubleshooting for network, verified service restored and closed the ticket."
Password Reset,Database,P2,Password Reset reported by employee. Incident ID INC0412. Investigation required.,"Diagnosed the issue, applied standard troubleshooting for database, verified service restored and closed the ticket."
SSL Certificate Expired,Software,P4,SSL Certificate Expired reported by employee. Incident ID INC0413. Investigation required.,"Diagnosed the issue, applied standard troubleshooting for software, verified service restored and closed the ticket."
BitLocker Recovery,Network,P1,BitLocker Recovery reported by employee. Incident ID INC0414. Investigation required.,"Diagnosed the issue, applied standard troubleshooting for network, verified service restored and closed the ticket."
Password Reset,Database,P1,Password Reset reported by employee. Incident ID INC0415. Investigation required.,"Diagnosed the issue, applied standard troubleshooting for database, verified service restored and closed the ticket."
Email Delivery Failure,Hardware,P4,Email Delivery Failure reported by employee. Incident ID INC0416. Investigation required.,"Diagnosed the issue, applied standard troubleshooting for hardware, verified service restored and closed the ticket."
DNS Resolution Failure,Network,P3,DNS Resolution Failure reported by employee. Incident ID INC0417. Investigation required.,"Diagnosed the issue, applied standard troubleshooting for network, verified service restored and closed the ticket."
File Share Access Denied,Server,P2,File Share Access Denied reported by employee. Incident ID INC0418. Investigation required.,"Diagnosed the issue, applied standard troubleshooting for server, verified service restored and closed the ticket."
Software Installation Failed,Hardware,P3,Software Installation Failed reported by employee. Incident ID INC0419. Investigation required.,"Diagnosed the issue, applied standard troubleshooting for hardware, verified service restored and closed the ticket."
Outlook Not Syncing,Network,P3,Outlook Not Syncing reported by employee. Incident ID INC0420. Investigation required.,"Diagnosed the issue, applied standard troubleshooting for network, verified service restored and closed the ticket."
Network Latency,Email,P1,Network Latency reported by employee. Incident ID INC0421. Investigation required.,"Diagnosed the issue, applied standard troubleshooting for email, verified service restored and closed the ticket."
Laptop Slow Performance,Network,P3,Laptop Slow Performance reported by employee. Incident ID INC0422. Investigation required.,"Diagnosed the issue, applied standard troubleshooting for network, verified service restored and closed the ticket."
Firewall Block,Network,P1,Firewall Block reported by employee. Incident ID INC0423. Investigation required.,"Diagnosed the issue, applied standard troubleshooting for network, verified service restored and closed the ticket."
Laptop Slow Performance,Database,P1,Laptop Slow Performance reported by employee. Incident ID INC0424. Investigation required.,"Diagnosed the issue, applied standard troubleshooting for database, verified service restored and closed the ticket."
BitLocker Recovery,Server,P4,BitLocker Recovery reported by employee. Incident ID INC0425. Investigation required.,"Diagnosed the issue, applied standard troubleshooting for server, verified service restored and closed the ticket."
Software Installation Failed,Server,P2,Software Installation Failed reported by employee. Incident ID INC0426. Investigation required.,"Diagnosed the issue, applied standard troubleshooting for server, verified service restored and closed the ticket."
SSL Certificate Expired,Software,P4,SSL Certificate Expired reported by employee. Incident ID INC0427. Investigation required.,"Diagnosed the issue, applied standard troubleshooting for software, verified service restored and closed the ticket."
Blue Screen Error,Security,P3,Blue Screen Error reported by employee. Incident ID INC0428. Investigation required.,"Diagnosed the issue, applied standard troubleshooting for security, verified service restored and closed the ticket."
VPN Connection Failure,Hardware,P2,VPN Connection Failure reported by employee. Incident ID INC0429. Investigation required.,"Diagnosed the issue, applied standard troubleshooting for hardware, verified service restored and closed the ticket."
Blue Screen Error,Database,P2,Blue Screen Error reported by employee. Incident ID INC0430. Investigation required.,"Diagnosed the issue, applied standard troubleshooting for database, verified service restored and closed the ticket."
Outlook Not Syncing,Account,P4,Outlook Not Syncing reported by employee. Incident ID INC0431. Investigation required.,"Diagnosed the issue, applied standard troubleshooting for account, verified service restored and closed the ticket."
Disk Space Alert,Hardware,P2,Disk Space Alert reported by employee. Incident ID INC0432. Investigation required.,"Diagnosed the issue, applied standard troubleshooting for hardware, verified service restored and closed the ticket."
SSL Certificate Expired,Security,P4,SSL Certificate Expired reported by employee. Incident ID INC0433. Investigation required.,"Diagnosed the issue, applied standard troubleshooting for security, verified service restored and closed the ticket."
Outlook Not Syncing,Network,P1,Outlook Not Syncing reported by employee. Incident ID INC0434. Investigation required.,"Diagnosed the issue, applied standard troubleshooting for network, verified service restored and closed the ticket."
WiFi Connectivity Issue,Email,P2,WiFi Connectivity Issue reported by employee. Incident ID INC0435. Investigation required.,"Diagnosed the issue, applied standard troubleshooting for email, verified service restored and closed the ticket."
File Share Access Denied,Hardware,P3,File Share Access Denied reported by employee. Incident ID INC0436. Investigation required.,"Diagnosed the issue, applied standard troubleshooting for hardware, verified service restored and closed the ticket."
Laptop Slow Performance,Hardware,P3,Laptop Slow Performance reported by employee. Incident ID INC0437. Investigation required.,"Diagnosed the issue, applied standard troubleshooting for hardware, verified service restored and closed the ticket."
Disk Space Alert,Software,P1,Disk Space Alert reported by employee. Incident ID INC0438. Investigation required.,"Diagnosed the issue, applied standard troubleshooting for software, verified service restored and closed the ticket."
SSL Certificate Expired,Hardware,P3,SSL Certificate Expired reported by employee. Incident ID INC0439. Investigation required.,"Diagnosed the issue, applied standard troubleshooting for hardware, verified service restored and closed the ticket."
Firewall Block,Security,P3,Firewall Block reported by employee. Incident ID INC0440. Investigation required.,"Diagnosed the issue, applied standard troubleshooting for security, verified service restored and closed the ticket."
Disk Space Alert,Database,P1,Disk Space Alert reported by employee. Incident ID INC0441. Investigation required.,"Diagnosed the issue, applied standard troubleshooting for database, verified service restored and closed the ticket."
Blue Screen Error,Account,P3,Blue Screen Error reported by employee. Incident ID INC0442. Investigation required.,"Diagnosed the issue, applied standard troubleshooting for account, verified service restored and closed the ticket."
Email Delivery Failure,Software,P3,Email Delivery Failure reported by employee. Incident ID INC0443. Investigation required.,"Diagnosed the issue, applied standard troubleshooting for software, verified service restored and closed the ticket."
Account Locked,Database,P1,Account Locked reported by employee. Incident ID INC0444. Investigation required.,"Diagnosed the issue, applied standard troubleshooting for database, verified service restored and closed the ticket."
Password Reset,Server,P3,Password Reset reported by employee. Incident ID INC0445. Investigation required.,"Diagnosed the issue, applied standard troubleshooting for server, verified service restored and closed the ticket."
Network Latency,Security,P2,Network Latency reported by employee. Incident ID INC0446. Investigation required.,"Diagnosed the issue, applied standard troubleshooting for security, verified service restored and closed the ticket."
File Share Access Denied,Account,P1,File Share Access Denied reported by employee. Incident ID INC0447. Investigation required.,"Diagnosed the issue, applied standard troubleshooting for account, verified service restored and closed the ticket."
SSL Certificate Expired,Email,P2,SSL Certificate Expired reported by employee. Incident ID INC0448. Investigation required.,"Diagnosed the issue, applied standard troubleshooting for email, verified service restored and closed the ticket."
VPN Connection Failure,Hardware,P4,VPN Connection Failure reported by employee. Incident ID INC0449. Investigation required.,"Diagnosed the issue, applied standard troubleshooting for hardware, verified service restored and closed the ticket."
WiFi Connectivity Issue,Server,P2,WiFi Connectivity Issue reported by employee. Incident ID INC0450. Investigation required.,"Diagnosed the issue, applied standard troubleshooting for server, verified service restored and closed the ticket."
Printer Offline,Hardware,P4,Printer Offline reported by employee. Incident ID INC0451. Investigation required.,"Diagnosed the issue, applied standard troubleshooting for hardware, verified service restored and closed the ticket."
Firewall Block,Network,P2,Firewall Block reported by employee. Incident ID INC0452. Investigation required.,"Diagnosed the issue, applied standard troubleshooting for network, verified service restored and closed the ticket."
Account Locked,Email,P2,Account Locked reported by employee. Incident ID INC0453. Investigation required.,"Diagnosed the issue, applied standard troubleshooting for email, verified service restored and closed the ticket."
Database Connection Error,Database,P4,Database Connection Error reported by employee. Incident ID INC0454. Investigation required.,"Diagnosed the issue, applied standard troubleshooting for database, verified service restored and closed the ticket."
Network Latency,Network,P1,Network Latency reported by employee. Incident ID INC0455. Investigation required.,"Diagnosed the issue, applied standard troubleshooting for network, verified service restored and closed the ticket."
File Share Access Denied,Network,P3,File Share Access Denied reported by employee. Incident ID INC0456. Investigation required.,"Diagnosed the issue, applied standard troubleshooting for network, verified service restored and closed the ticket."
DNS Resolution Failure,Hardware,P3,DNS Resolution Failure reported by employee. Incident ID INC0457. Investigation required.,"Diagnosed the issue, applied standard troubleshooting for hardware, verified service restored and closed the ticket."
SSL Certificate Expired,Email,P3,SSL Certificate Expired reported by employee. Incident ID INC0458. Investigation required.,"Diagnosed the issue, applied standard troubleshooting for email, verified service restored and closed the ticket."
Blue Screen Error,Security,P4,Blue Screen Error reported by employee. Incident ID INC0459. Investigation required.,"Diagnosed the issue, applied standard troubleshooting for security, verified service restored and closed the ticket."
Printer Offline,Account,P1,Printer Offline reported by employee. Incident ID INC0460. Investigation required.,"Diagnosed the issue, applied standard troubleshooting for account, verified service restored and closed the ticket."
Server Down,Email,P1,Server Down reported by employee. Incident ID INC0461. Investigation required.,"Diagnosed the issue, applied standard troubleshooting for email, verified service restored and closed the ticket."
Account Locked,Account,P2,Account Locked reported by employee. Incident ID INC0462. Investigation required.,"Diagnosed the issue, applied standard troubleshooting for account, verified service restored and closed the ticket."
Firewall Block,Email,P1,Firewall Block reported by employee. Incident ID INC0463. Investigation required.,"Diagnosed the issue, applied standard troubleshooting for email, verified service restored and closed the ticket."
Firewall Block,Software,P2,Firewall Block reported by employee. Incident ID INC0464. Investigation required.,"Diagnosed the issue, applied standard troubleshooting for software, verified service restored and closed the ticket."
WiFi Connectivity Issue,Server,P4,WiFi Connectivity Issue reported by employee. Incident ID INC0465. Investigation required.,"Diagnosed the issue, applied standard troubleshooting for server, verified service restored and closed the ticket."
Database Connection Error,Server,P4,Database Connection Error reported by employee. Incident ID INC0466. Investigation required.,"Diagnosed the issue, applied standard troubleshooting for server, verified service restored and closed the ticket."
BitLocker Recovery,Security,P1,BitLocker Recovery reported by employee. Incident ID INC0467. Investigation required.,"Diagnosed the issue, applied standard troubleshooting for security, verified service restored and closed the ticket."
BitLocker Recovery,Database,P1,BitLocker Recovery reported by employee. Incident ID INC0468. Investigation required.,"Diagnosed the issue, applied standard troubleshooting for database, verified service restored and closed the ticket."
Network Latency,Security,P4,Network Latency reported by employee. Incident ID INC0469. Investigation required.,"Diagnosed the issue, applied standard troubleshooting for security, verified service restored and closed the ticket."
Firewall Block,Software,P1,Firewall Block reported by employee. Incident ID INC0470. Investigation required.,"Diagnosed the issue, applied standard troubleshooting for software, verified service restored and closed the ticket."
Password Reset,Hardware,P2,Password Reset reported by employee. Incident ID INC0471. Investigation required.,"Diagnosed the issue, applied standard troubleshooting for hardware, verified service restored and closed the ticket."
Server Down,Security,P4,Server Down reported by employee. Incident ID INC0472. Investigation required.,"Diagnosed the issue, applied standard troubleshooting for security, verified service restored and closed the ticket."
Printer Offline,Hardware,P3,Printer Offline reported by employee. Incident ID INC0473. Investigation required.,"Diagnosed the issue, applied standard troubleshooting for hardware, verified service restored and closed the ticket."
Network Latency,Database,P3,Network Latency reported by employee. Incident ID INC0474. Investigation required.,"Diagnosed the issue, applied standard troubleshooting for database, verified service restored and closed the ticket."
WiFi Connectivity Issue,Network,P1,WiFi Connectivity Issue reported by employee. Incident ID INC0475. Investigation required.,"Diagnosed the issue, applied standard troubleshooting for network, verified service restored and closed the ticket."
Server Down,Software,P3,Server Down reported by employee. Incident ID INC0476. Investigation required.,"Diagnosed the issue, applied standard troubleshooting for software, verified service restored and closed the ticket."
MFA Failure,Software,P1,MFA Failure reported by employee. Incident ID INC0477. Investigation required.,"Diagnosed the issue, applied standard troubleshooting for software, verified service restored and closed the ticket."
Password Reset,Email,P1,Password Reset reported by employee. Incident ID INC0478. Investigation required.,"Diagnosed the issue, applied standard troubleshooting for email, verified service restored and closed the ticket."
Disk Space Alert,Email,P3,Disk Space Alert reported by employee. Incident ID INC0479. Investigation required.,"Diagnosed the issue, applied standard troubleshooting for email, verified service restored and closed the ticket."
Email Delivery Failure,Database,P3,Email Delivery Failure reported by employee. Incident ID INC0480. Investigation required.,"Diagnosed the issue, applied standard troubleshooting for database, verified service restored and closed the ticket."
Account Locked,Security,P2,Account Locked reported by employee. Incident ID INC0481. Investigation required.,"Diagnosed the issue, applied standard troubleshooting for security, verified service restored and closed the ticket."
Software Installation Failed,Security,P1,Software Installation Failed reported by employee. Incident ID INC0482. Investigation required.,"Diagnosed the issue, applied standard troubleshooting for security, verified service restored and closed the ticket."
Account Locked,Software,P1,Account Locked reported by employee. Incident ID INC0483. Investigation required.,"Diagnosed the issue, applied standard troubleshooting for software, verified service restored and closed the ticket."
Network Latency,Security,P2,Network Latency reported by employee. Incident ID INC0484. Investigation required.,"Diagnosed the issue, applied standard troubleshooting for security, verified service restored and closed the ticket."
Database Connection Error,Server,P3,Database Connection Error reported by employee. Incident ID INC0485. Investigation required.,"Diagnosed the issue, applied standard troubleshooting for server, verified service restored and closed the ticket."
Firewall Block,Email,P1,Firewall Block reported by employee. Incident ID INC0486. Investigation required.,"Diagnosed the issue, applied standard troubleshooting for email, verified service restored and closed the ticket."
Blue Screen Error,Email,P1,Blue Screen Error reported by employee. Incident ID INC0487. Investigation required.,"Diagnosed the issue, applied standard troubleshooting for email, verified service restored and closed the ticket."
Database Connection Error,Software,P1,Database Connection Error reported by employee. Incident ID INC0488. Investigation required.,"Diagnosed the issue, applied standard troubleshooting for software, verified service restored and closed the ticket."
BitLocker Recovery,Software,P3,BitLocker Recovery reported by employee. Incident ID INC0489. Investigation required.,"Diagnosed the issue, applied standard troubleshooting for software, verified service restored and closed the ticket."
Printer Offline,Database,P3,Printer Offline reported by employee. Incident ID INC0490. Investigation required.,"Diagnosed the issue, applied standard troubleshooting for database, verified service restored and closed the ticket."
Blue Screen Error,Hardware,P4,Blue Screen Error reported by employee. Incident ID INC0491. Investigation required.,"Diagnosed the issue, applied standard troubleshooting for hardware, verified service restored and closed the ticket."
Blue Screen Error,Server,P2,Blue Screen Error reported by employee. Incident ID INC0492. Investigation required.,"Diagnosed the issue, applied standard troubleshooting for server, verified service restored and closed the ticket."
BitLocker Recovery,Account,P1,BitLocker Recovery reported by employee. Incident ID INC0493. Investigation required.,"Diagnosed the issue, applied standard troubleshooting for account, verified service restored and closed the ticket."
Outlook Not Syncing,Software,P3,Outlook Not Syncing reported by employee. Incident ID INC0494. Investigation required.,"Diagnosed the issue, applied standard troubleshooting for software, verified service restored and closed the ticket."
WiFi Connectivity Issue,Security,P2,WiFi Connectivity Issue reported by employee. Incident ID INC0495. Investigation required.,"Diagnosed the issue, applied standard troubleshooting for security, verified service restored and closed the ticket."
Disk Space Alert,Database,P1,Disk Space Alert reported by employee. Incident ID INC0496. Investigation required.,"Diagnosed the issue, applied standard troubleshooting for database, verified service restored and closed the ticket."
Laptop Slow Performance,Network,P2,Laptop Slow Performance reported by employee. Incident ID INC0497. Investigation required.,"Diagnosed the issue, applied standard troubleshooting for network, verified service restored and closed the ticket."
Laptop Slow Performance,Account,P2,Laptop Slow Performance reported by employee. Incident ID INC0498. Investigation required.,"Diagnosed the issue, applied standard troubleshooting for account, verified service restored and closed the ticket."
Network Latency,Network,P4,Network Latency reported by employee. Incident ID INC0499. Investigation required.,"Diagnosed the issue, applied standard troubleshooting for network, verified service restored and closed the ticket."
SSL Certificate Expired,Server,P4,SSL Certificate Expired reported by employee. Incident ID INC0500. Investigation required.,"Diagnosed the issue, applied standard troubleshooting for server, verified service restored and closed the ticket."
